<keymap version="1" name="Mac OS X copy" parent="Mac OS X">
  <action id="A8Translate.TranslateAction">
    <keyboard-shortcut first-keystroke="alt t" />
    <keyboard-shortcut first-keystroke="alt 2" />
  </action>
  <action id="Arrangement.Rule.Match.Condition.Move.Down" />
  <action id="Arrangement.Rule.Match.Condition.Move.Up" />
  <action id="ChangesView.UnshelveSilently" />
  <action id="CloseAllEditors">
    <keyboard-shortcut first-keystroke="meta alt w" />
  </action>
  <action id="CloseAllEditorsButActive">
    <keyboard-shortcut first-keystroke="shift meta w" />
  </action>
  <action id="CloseContent">
    <keyboard-shortcut first-keystroke="meta w" />
  </action>
  <action id="CodeCompletion">
    <keyboard-shortcut first-keystroke="alt slash" />
  </action>
  <action id="Console.TableResult.EditValue">
    <keyboard-shortcut first-keystroke="f2" />
    <keyboard-shortcut first-keystroke="enter" />
  </action>
  <action id="ContextHelp" />
  <action id="DatabaseView.PropertiesAction" />
  <action id="Editor Delete">
    <keyboard-shortcut first-keystroke="meta back_space" />
  </action>
  <action id="EditorContextInfo">
    <keyboard-shortcut first-keystroke="alt q" />
  </action>
  <action id="EditorDeleteLine">
    <keyboard-shortcut first-keystroke="meta back_space" />
  </action>
  <action id="EditorDeleteToLineEnd">
    <keyboard-shortcut first-keystroke="ctrl k" />
  </action>
  <action id="EditorDeleteToLineStart">
    <keyboard-shortcut first-keystroke="ctrl u" />
  </action>
  <action id="EditorKillToWordStart">
    <keyboard-shortcut first-keystroke="ctrl w" />
  </action>
  <action id="EditorSelectWord">
    <keyboard-shortcut first-keystroke="alt w" />
  </action>
  <action id="EditorUnSelectWord">
    <keyboard-shortcut first-keystroke="shift alt w" />
  </action>
  <action id="FileChooser.NewFolder" />
  <action id="FindInPath">
    <keyboard-shortcut first-keystroke="shift ctrl f" />
    <keyboard-shortcut first-keystroke="shift meta f" />
  </action>
  <action id="Generate">
    <keyboard-shortcut first-keystroke="alt enter" />
  </action>
  <action id="GotoChangedFile" />
  <action id="GotoClass" />
  <action id="GotoFile">
    <keyboard-shortcut first-keystroke="shift meta o" />
  </action>
  <action id="GotoSuperMethod" />
  <action id="HideAllWindows">
    <keyboard-shortcut first-keystroke="ctrl m" />
  </action>
  <action id="HippieBackwardCompletion" />
  <action id="HippieCompletion" />
  <action id="Maven.Reimport">
    <keyboard-shortcut first-keystroke="alt u" />
  </action>
  <action id="MethodDown">
    <keyboard-shortcut first-keystroke="alt down" />
  </action>
  <action id="MethodUp">
    <keyboard-shortcut first-keystroke="alt up" />
  </action>
  <action id="MinimizeCurrentWindow" />
  <action id="NewElementInMenuGroup">
    <keyboard-shortcut first-keystroke="meta n" />
  </action>
  <action id="NextProjectWindow">
    <keyboard-shortcut first-keystroke="meta alt close_bracket" />
    <keyboard-shortcut first-keystroke="meta back_quote" />
  </action>
  <action id="PreviousProjectWindow">
    <keyboard-shortcut first-keystroke="meta alt open_bracket" />
    <keyboard-shortcut first-keystroke="shift meta back_quote" />
  </action>
  <action id="QuickJavaDoc">
    <keyboard-shortcut first-keystroke="ctrl j" />
    <keyboard-shortcut first-keystroke="f1" />
  </action>
  <action id="RevealIn">
    <keyboard-shortcut first-keystroke="alt f" />
  </action>
  <action id="SelectInProjectView">
    <keyboard-shortcut first-keystroke="alt s" />
  </action>
  <action id="ShowBookmarks">
    <keyboard-shortcut first-keystroke="shift f11" />
    <keyboard-shortcut first-keystroke="shift back_quote" />
  </action>
  <action id="ShowIntentionActions">
    <keyboard-shortcut first-keystroke="alt 1" />
  </action>
  <action id="ShowUmlDiagram">
    <keyboard-shortcut first-keystroke="meta alt u" />
  </action>
  <action id="ShowUmlDiagramPopup">
    <keyboard-shortcut first-keystroke="meta u" />
  </action>
  <action id="SmartTypeCompletion" />
  <action id="SwitchApply">
    <keyboard-shortcut first-keystroke="ctrl alt enter" />
  </action>
  <action id="SwitchDown">
    <keyboard-shortcut first-keystroke="ctrl alt down" />
  </action>
  <action id="SwitchLeft">
    <keyboard-shortcut first-keystroke="ctrl alt left" />
  </action>
  <action id="SwitchRight">
    <keyboard-shortcut first-keystroke="ctrl alt right" />
  </action>
  <action id="SwitchUp">
    <keyboard-shortcut first-keystroke="ctrl alt up" />
  </action>
  <action id="Terminal.OpenInTerminal">
    <keyboard-shortcut first-keystroke="alt t" />
  </action>
  <action id="ToggleBookmark" />
  <action id="ToggleBookmarkWithMnemonic">
    <keyboard-shortcut first-keystroke="back_quote" />
  </action>
  <action id="TogglePresentationMode">
    <keyboard-shortcut first-keystroke="alt v" />
  </action>
  <action id="Vcs.Push" />
  <action id="Vcs.ShowMessageHistory">
    <keyboard-shortcut first-keystroke="meta e" />
  </action>
  <action id="VimPluginToggle">
    <keyboard-shortcut first-keystroke="meta alt v" />
    <keyboard-shortcut first-keystroke="ctrl alt v" />
  </action>
  <action id="tasks.close" />
</keymap>